"","StudentID","thesis_grades"
"1",1073,8.5
"2",9407,7.5
"3",13091,0
"4",13520,0
"5",19415,0
"6",39077,8
"7",52421,8
"8",55805,13.5
"9",57596,6
"10",67133,7
"11",89726,0
"12",95675,7.5
"13",105089,7.5
"14",123041,8
"15",123242,12
"16",129923,7
"17",132353,0
"18",177449,7
"19",183116,0
"20",187139,8.5
"21",202388,0
"22",300845,0
"23",304958,9
"24",307235,8.5
"25",318314,8.5
"26",320699,0
"27",331955,0
"28",341081,7.5
"29",341267,0
"30",344627,0
"31",350855,7
"32",352250,7
"33",352913,6
"34",354542,7
"35",356144,8
"36",358460,0
"37",359456,7
"38",360719,8
"39",389060,8.5
"40",389174,8
"41",405887,6
"42",421457,6.5
"43",429104,6
"44",436820,7.5
"45",453089,7
"46",460367,7.5
"47",474419,7.5
"48",475082,7.5
"49",475478,6.5
"50",476789,0
"51",486782,8
"52",498032,0
"53",501302,0
"54",503057,8.5
"55",504290,7.5
"56",522266,0
"57",525449,0
"58",527795,0
"59",546704,0
"60",575375,7.5
"61",633566,8.5
"62",633680,6
"63",633857,0
"64",635402,7
"65",635564,8
"66",636038,0
"67",636287,7.5
"68",636353,6
"69",636506,6.5
"70",636773,0
"71",638981,8
"72",639203,7
"73",639665,0
"74",639932,6
"75",640004,0
"76",640247,8
"77",640400,0
"78",640505,8
"79",640772,0
"80",649325,0
"81",650546,6.5
"82",655778,8.5
"83",677147,6.5
"84",682508,6.5
"85",692135,7.5
"86",692183,0
"87",692312,0
"88",693974,7.5
"89",699692,8.5
"90",699935,0
"91",700508,7
"92",713618,8
"93",736988,7
"94",742964,6
"95",743069,7.5
"96",755741,6.5
"97",755966,8
"98",760277,7.5
"99",768344,7.5
"100",772214,8
"101",774992,7
"102",795599,0
"103",802037,8
"104",818270,7
"105",844175,9
"106",871286,6
"107",884840,8.5
"108",892769,7.5
"109",901400,7
"110",901748,6
"111",901772,8
"112",902258,7.5
"113",902597,0
"114",902792,8
"115",902816,0
"116",902945,7
"117",903338,7.5
"118",903653,0
"119",904493,8
"120",905003,6
"121",905270,6
"122",905642,8
"123",906212,0
"124",906350,6
"125",908477,8.5
"126",910745,9
"127",913928,7.5
"128",923831,6.5
"129",935603,7.5
"130",935717,7
"131",935798,7
"132",936197,7
"133",963389,0
"134",967808,0
"135",967970,6
"136",973469,6.5
"137",974294,0
"138",974756,7
"139",985229,8
"140",992642,6.5
"141",992909,8
"142",994118,9
"143",994190,7
"144",1000847,7.5
"145",1000976,7
"146",1001534,0
"147",1004159,0
"148",1007648,8
"149",1010078,9
"150",1010216,8
"151",1023884,7.5
"152",1025228,6
"153",1025381,7
"154",1026089,7
"155",1029869,6.5
"156",1030184,6
"157",1030379,8.5
"158",1030622,8
"159",1030694,7
"160",1042493,9
"161",1042712,7.5
"162",1050389,0
"163",1052492,6
"164",1063814,0
"165",1066082,7
"166",1068221,0
"167",1070858,0
"168",1076324,0
"169",1076891,8.5
"170",1076963,0
"171",1077800,0
"172",1092593,8
"173",1095404,7.5
"174",1105946,8
"175",1108619,8
"176",1108667,9
"177",1109702,7.5
"178",1113647,7
"179",1119437,7
"180",1119518,7.5
"181",1119590,0
"182",1119785,8.5
"183",1122377,8
"184",1124366,7
"185",1132700,7.5
"186",1136327,7
"187",1137827,7.5
"188",1193585,7
"189",1201949,8
"190",1204913,7.5
"191",1210193,7
"192",1212932,7.5
"193",1216607,9
"194",1216760,0
"195",1218746,8.5
"196",1219814,7
"197",1221152,8.5
"198",1221371,6.5
"199",1223012,7
"200",1226591,7
"201",1232816,6.5
"202",1233944,8.5
"203",1234979,0
"204",1235441,0
"205",1235618,9.5
"206",1235732,7.5
"207",1235780,8
"208",1235885,6.5
"209",1236236,6.5
"210",1236284,8
"211",1236350,8
"212",1236431,6
"213",1236503,7
"214",1236617,7.5
"215",1236698,0
"216",1236851,7
"217",1236875,7.5
"218",1237385,7.5
"219",1237652,7
"220",1237676,8
"221",1238339,6
"222",1238387,9
"223",1238453,8
"224",1238654,6.5
"225",1238849,7.5
"226",1238873,8
"227",1239176,7.5
"228",1239305,7.5
"229",1239596,7.5
"230",1239815,7.5
"231",1239839,0
"232",1240211,8
"233",1240220,8
"234",1240301,0
"235",1240349,8.5
"236",1240568,9
"237",1241084,7
"238",1241255,7.5
"239",1241303,7
"240",1245614,8.5
"241",1248884,9
"242",1250228,7
"243",1261490,0
"244",1261532,7
"245",1264253,8
"246",1264277,7.5
"247",1264601,9
"248",1267475,7.5
"249",1269290,7.5
"250",1270844,6.5
"251",1270973,9
"252",1271264,8.5
"253",1271369,6.5
"254",1273913,8.5
"255",1276763,7
"256",1277225,7.5
"257",1278062,6.5
"258",1278239,7.5
"259",1278377,7
"260",1278554,8
"261",1278620,8
"262",1278644,7
"263",1278701,7.5
"264",1278878,9
"265",1279016,7
"266",1279679,8
"267",1289186,8
"268",1293341,7.5
"269",1305698,8
"270",1305722,7
"271",1317788,7
"272",1320296,0
"273",1320338,8
"274",1320410,0
"275",1320539,8
"276",1321202,9
"277",1338404,8.5
"278",1341053,9
"279",1341344,0
"280",1342184,8
"281",1342517,8
"282",1342622,0
"283",1342865,8.5
"284",1342913,8.5
"285",1342937,8
"286",1343180,9
"287",1354961,8
"288",1355300,9
"289",1355471,0
"290",1355567,6.5
"291",1355834,7
"292",1355963,8
"293",1356041,7
"294",1366016,0
"295",1366283,7
"296",1366307,7
"297",1366388,7
"298",1366655,7
"299",1366994,7
"300",1367051,7.5
"301",1367189,7.5
"302",1367318,0
"303",1367366,8
"304",1368713,7
"305",1369328,7
"306",1369838,0
"307",1382378,7
"308",1386470,7.5
"309",1389119,7
"310",1389143,8.5
"311",1389248,9
"312",1389272,0
"313",1389296,9
"314",1389338,8
"315",1390292,6.5
"316",1391666,8.5
"317",1395314,0
"318",1401896,8
"319",1402091,9
"320",1402277,8.5
"321",1402358,8
"322",1402382,7.5
"323",1404974,7
"324",1410851,8
"325",1410875,7
"326",1412234,7
"327",1412477,8
"328",1412978,5.33333333333333
"329",1413047,7
"330",1413128,0
"331",1413200,8
"332",1413443,6.5
"333",1413467,0
"334",1417070,8.5
"335",1417733,8.5
"336",1418687,8
"337",1422569,0
"338",1424786,6.5
"339",1427831,0
"340",1428053,8
"341",1432853,7.5
"342",1433621,8.5
"343",1434482,8.5
"344",1436099,8.5
"345",1438085,7
"346",1439153,7
"347",1439420,0
"348",1447841,0
"349",1448180,8
"350",1454504,6
"351",1454561,7
"352",1455050,7.5
"353",1458677,7
"354",1461350,7.5
"355",1462805,7
"356",1463630,9
"357",1470530,7
"358",1474910,7.5
"359",1509974,7.5
"360",1531463,7
"361",1538807,13
"362",1539902,6
"363",1541189,0
"364",1548350,6.5
"365",1559555,7.5
"366",1563362,8
"367",1565642,8
"368",1567013,13.5
"369",1567142,8.5
"370",1568801,0
"371",1580381,7.5
"372",1589759,6.5
"373",1634246,7.5
"374",1656863,8.5
"375",1659335,8.5
"376",1666541,7.5
"377",1676669,0
"378",1706720,0
"379",1707305,0
"380",1707314,0
"381",1711028,8
"382",1711100,8
"383",1711853,8
"384",1714727,17
"385",1717061,9
"386",1722965,7.5
"387",1723118,8
"388",1723142,9.5
"389",1723457,0
"390",1723523,8
"391",1723628,6.5
"392",1723814,7.5
"393",1732382,8
"394",1734278,6.5
"395",1734302,8
"396",1734392,8
"397",1734416,7.5
"398",1734545,7
"399",1734593,8
"400",1734836,6
"401",1734884,6
"402",1734950,7
"403",1734974,7.5
"404",1735055,7.5
"405",1735127,8.5
"406",1735298,7.5
"407",1735346,7.5
"408",1735451,7
"409",1735475,7.5
"410",1735541,0
"411",1735589,0
"412",1735613,8
"413",1735766,7
"414",1735856,7.5
"415",1735904,6.5
"416",1736057,7
"417",1736147,8
"418",1736252,9
"419",1736414,8
"420",1736471,0
"421",1736519,8.5
"422",1736543,8
"423",1736567,7.5
"424",1736696,7
"425",1736738,8
"426",1736762,0
"427",1736786,7
"428",1736810,8
"429",1736834,7
"430",1737065,8
"431",1737089,7.5
"432",1737113,9
"433",1737218,6
"434",1737290,8
"435",1737404,7
"436",1737509,7.5
"437",1737533,6.5
"438",1737557,8.5
"439",1737647,7.5
"440",1737728,8
"441",1737776,8
"442",1737800,6.5
"443",1737824,7.5
"444",1738043,8.5
"445",1738172,7
"446",1738238,7
"447",1738262,7
"448",1738391,7
"449",1738439,7
"450",1738487,0
"451",1738529,7
"452",1738658,8
"453",1738811,7
"454",1738820,8
"455",1738973,0
"456",1738997,7
"457",1739078,9
"458",1739216,7
"459",1739240,7.5
"460",1739321,7.5
"461",1739435,8.5
"462",1739684,7
"463",1739726,8
"464",1739774,8
"465",1739831,8.5
"466",1739855,9
"467",1739927,0
"468",1740035,8
"469",1740059,8.5
"470",1740107,0
"471",1740260,6
"472",1740326,0
"473",1740374,8
"474",1740431,0
"475",1740770,7.5
"476",1740941,0
"477",1740965,6.5
"478",1741118,7
"479",1741232,6.5
"480",1741280,0
"481",1741385,7.5
"482",1741457,6.5
"483",1741523,8.5
"484",1741547,9
"485",1741724,8
"486",1741781,8
"487",1741805,7.5
"488",1741814,8
"489",1741919,7.5
"490",1742048,8
"491",1742072,7.5
"492",1742096,6
"493",1742138,8
"494",1742234,8
"495",1742291,6.5
"496",1742429,0
"497",1742477,6
"498",1742711,8.5
"499",1742720,7.5
"500",1754519,8.5
"501",1754915,7.5
"502",1754939,7
"503",1754987,7
"504",1755041,0
"505",1755356,8.5
"506",1762214,8
"507",1762319,8
"508",1770044,7.5
"509",1770149,8
"510",1770521,7.5
"511",1770593,7
"512",1770707,0
"513",1770812,7
"514",1770926,0
"515",1775750,8
"516",1777403,8
"517",1780877,8.5
"518",1780958,7
"519",1781006,8.5
"520",1781030,6.5
"521",1781054,8
"522",1783436,6
"523",1793210,8
"524",1796966,7.5
"525",1805282,7
"526",1805702,8.5
"527",1807712,7.5
"528",1819697,6
"529",1819802,7.5
"530",1819868,7
"531",1819916,0
"532",1822541,0
"533",1823987,7
"534",1829309,8
"535",1831058,7.5
"536",1832036,8.5
"537",1832837,8
"538",1837034,7.5
"539",1840718,0
"540",1841057,7.5
"541",1843067,0
"542",1843973,7.5
"543",1878059,9
"544",1910300,7.5
"545",16801511,0
"546",16801649,0
"547",16801892,0
"548",16802093,0
"549",16802135,0
"550",16802183,0
"551",16802312,0
"552",16802708,0
"553",16814492,7
"554",16816946,7.5
"555",16831787,7.5
"556",16831853,7
"557",16840607,8.5
"558",16845572,9
"559",16847942,0
"560",16854020,0
"561",16854278,8
"562",16862558,7.5
"563",16867490,6.5
"564",16868219,0
"565",16868243,0
"566",16868954,7.5
"567",16880090,7.5
"568",16902725,7.5
"569",16904852,7
"570",16905575,7.5
"571",16907039,7.5
"572",16915502,8.5
"573",16917536,9
"574",16945019,7
"575",16950710,8
"576",16953116,6.5
"577",16953998,8
"578",16963529,7
"579",16966160,7
"580",16966250,7
"581",16967156,7
"582",16967309,0
"583",16967624,7
"584",16969496,7.5
"585",16972193,8.5
"586",16974131,7.5
"587",16975910,7.5
"588",16976282,0
"589",16981439,0
"590",16981463,0
"591",16981529,7.5
"592",16981553,7.5
"593",16981577,8.5
"594",16981658,8
"595",16981706,5.5
"596",16981844,6.5
"597",16981901,7
"598",16981949,7
"599",16981997,8
"600",16982102,7.5
"601",16982168,7.5
"602",16982216,8.5
"603",16982240,8
"604",16982264,8.5
"605",16982321,7
"606",16982369,8.5
"607",16982393,7.5
"608",16982435,6.5
"609",16982459,0
"610",16982507,6.5
"611",16982660,0
"612",16982774,7
"613",16982831,7
"614",16982879,8
"615",16982903,0
"616",16982927,7.5
"617",16983053,8.5
"618",16983077,0
"619",16983182,0
"620",16983230,8
"621",16983311,7.5
"622",16983449,7.5
"623",16983497,0
"624",16983602,0
"625",16983692,0
"626",16983869,7.5
"627",16983935,7
"628",16983959,7
"629",16984226,9
"630",16984355,9
"631",16984427,9
"632",16984517,0
"633",16984598,7
"634",16984913,7.5
"635",16985042,8
"636",16985204,8
"637",16985285,7
"638",16985333,8
"639",16985423,8.5
"640",16985552,8
"641",16985600,8
"642",16985681,7
"643",16985714,7
"644",16985795,7
"645",16985948,9
"646",16985996,8
"647",16986098,7
"648",16986146,7
"649",16986251,7
"650",16986365,7
"651",16986566,0
"652",16986680,7.5
"653",16986809,8
"654",16986857,7.5
"655",16987100,7
"656",16987214,7
"657",16987295,8
"658",16987343,15.5
"659",16987496,6.5
"660",16987562,7
"661",16987610,7.5
"662",16987691,8
"663",16987787,8
"664",16987853,8.5
"665",16987958,7
"666",16988006,7
"667",16988054,8
"668",16988201,8.5
"669",16988249,7
"670",16988297,8
"671",16988540,8
"672",16988621,8.5
"673",16988735,6.5
"674",16988888,7.5
"675",16988936,8
"676",16989062,8
"677",16989134,7.5
"678",16989215,7.5
"679",16989287,9
"680",16989329,7
"681",16989377,7
"682",16989530,8.5
"683",16989611,6
"684",16989902,6.5
"685",16990235,7.5
"686",16990388,0
"687",16990436,6
"688",16990574,7.5
"689",16990655,8.5
"690",16990703,0
"691",16990808,8
"692",16990946,8
"693",16990994,6.5
"694",16991237,8.5
"695",16991456,6.5
"696",16991504,9
"697",16991609,7.5
"698",16991657,8
"699",16991747,7.5
"700",16991852,7
"701",16992050,8.5
"702",16992131,0
"703",16992203,8.5
"704",16992308,8.5
"705",16992398,7.5
"706",16992689,7.5
"707",16992737,7.5
"708",16992842,8.5
"709",16992932,8.5
"710",16992980,0
"711",16993109,8.5
"712",16993157,8
"713",16993223,0
"714",16993247,8
"715",16993328,7
"716",16993352,7
"717",16993376,0
"718",16993400,7.5
"719",16993505,7
"720",16993595,8.5
"721",16993667,0
"722",16993796,10
"723",16993862,8
"724",16993886,7.5
"725",16993910,5.5
"726",16993991,8
"727",16994039,7.5
"728",16994063,7.5
"729",16994087,6
"730",16994129,6
"731",16994153,7
"732",16994258,7
"733",16994354,9.5
"734",16994420,7
"735",16994444,8.5
"736",16994501,8.5
"737",16994525,7.5
"738",16994549,7.5
"739",16994573,8
"740",16994597,9
"741",16994702,6.5
"742",16994768,8.5
"743",16994792,0
"744",16994816,7
"745",16994840,7.5
"746",16994864,7
"747",16994993,9
"748",16995071,8
"749",16995095,8
"750",16995119,8.5
"751",16995143,7
"752",16995248,6
"753",16995272,0
"754",16995296,8.5
"755",16995362,7.5
"756",16995410,7.5
"757",16995491,9
"758",16995515,7.5
"759",16995539,9
"760",16995563,8
"761",16995587,7
"762",16995629,7
"763",17006171,8
"764",17008625,9
"765",17014268,7
"766",17015027,8
"767",17017628,8.5
"768",17017652,7
"769",17017700,7
"770",17017814,8
"771",17017871,7
"772",17017919,7.5
"773",17017943,8
"774",17018363,0
"775",17021327,8.5
"776",17023976,7.5
"777",17024195,8.5
"778",17030033,0
"779",17032463,8
"780",17033078,0
"781",17033321,8
"782",17033750,9
"783",17036090,6
"784",17036180,8.5
"785",17036309,7.5
"786",17036333,7.5
"787",17036423,7.5
"788",17036552,0
"789",17036624,8
"790",17038181,0
"791",17047565,8.5
"792",17047790,7.5
"793",17047880,8
"794",17047985,9
"795",17056562,8
"796",17060165,7
"797",17060318,0
"798",17060366,7
"799",17060456,8.5
"800",17060480,7
"801",17060561,8
"802",17060585,7.5
"803",17060609,7
"804",17060876,8
"805",17060924,7.5
"806",17061050,8
"807",17070230,7
"808",17071184,7
"809",17071598,7.5
"810",17072819,7.5
"811",17077040,8
"812",17077235,7.5
"813",17080223,9
"814",17080643,8
"815",17082362,8
"816",17084489,7.5
"817",17084513,6
"818",17084618,8.5
"819",17084642,8
"820",17084861,7.5
"821",17084933,7
"822",17085851,0
"823",17086814,8.5
"824",17087048,8.5
"825",17087654,7.5
"826",17095916,0
"827",17096021,8.5
"828",17097278,7.5
"829",17097302,7
"830",17097368,6.5
"831",17097440,7
"832",17097464,8.5
"833",17099414,6.5
"834",17099471,7
"835",17101292,6.5
"836",17102666,0
"837",17105825,6
"838",17105849,7.5
"839",17112323,7
"840",17117648,7
"841",17118623,8
"842",17147876,7.5
"843",17170202,8
"844",17171351,7.5
"845",17188148,7.5
"846",17189321,0
"847",17189393,9
"848",17189612,8.5
"849",17189750,0
"850",17189879,0
"851",17190035,0
"852",17190083,0
"853",17191037,8.5
"854",17192744,7
"855",17201384,7
"856",17202593,7
"857",17230877,8.5
"858",17233016,8
"859",17233145,0
"860",17233169,0
"861",17234456,0
"862",17239421,7
"863",17241374,0
"864",17245397,7
"865",17248241,0
"866",17248265,0
"867",17248313,0
"868",17263478,0
"869",17263592,0
"870",17264150,7.5
"871",17267348,8.5
"872",17302526,0
"873",17314799,7
"874",17316098,0
"875",17316704,7.5
"876",17317124,7.5
"877",17330801,8
"878",17339474,0
"879",17345690,0
"880",17348363,8
"881",17348711,8
"882",17350373,0
"883",17350502,0
"884",17353847,7.5
"885",17365508,7
"886",17365694,8
"887",17379218,8
"888",17381750,7.5
"889",17381855,0
"890",17385656,8.5
"891",17387054,7.5
"892",17393525,0
"893",17394911,0
"894",17396885,9
"895",17397260,0
"896",17397326,7.5
"897",17397374,8.5
"898",17397455,7
"899",17397770,7
"900",17398919,7
"901",17401775,8.5
"902",17405225,0
"903",17407808,0
"904",17409551,7
"905",17409575,7
"906",17409599,7
"907",17409641,8.5
"908",17409689,8.5
"909",17409713,7
"910",17409737,7
"911",17409818,7
"912",17409842,7.5
"913",17409932,7.5
"914",17410004,8.5
"915",17410061,8.5
"916",17410133,8
"917",17410223,8
"918",17410247,7
"919",17410352,7.5
"920",17410424,9
"921",17410481,9
"922",17410505,8.5
"923",17410514,9
"924",17410643,7
"925",17410772,0
"926",17410796,16.5
"927",17410862,7.5
"928",17410934,9
"929",17410991,7.5
"930",17411039,7.5
"931",17411087,6
"932",17411129,7.5
"933",17411153,0
"934",17411282,7.5
"935",17411306,7.5
"936",17411501,7.5
"937",17411525,8
"938",17411549,0
"939",17411768,6.5
"940",17411840,7
"941",17411945,8
"942",17412071,6.5
"943",17412143,8.5
"944",17412167,8.5
"945",17412248,9
"946",17412272,7.5
"947",17412515,8
"948",17412539,0
"949",17412629,0
"950",17412653,7
"951",17412758,7
"952",17412806,7.5
"953",17412830,8.5
"954",17412911,8
"955",17412920,7.5
"956",17413073,7.5
"957",17413097,7.5
"958",17413178,6.5
"959",17413202,0
"960",17413268,8
"961",17413292,7
"962",17413316,7.5
"963",17413340,0
"964",17413364,8
"965",17413445,7.5
"966",17413469,8.5
"967",17413493,6
"968",17413535,9.5
"969",17413559,6
"970",17413583,8
"971",17413607,7.5
"972",17413712,7
"973",17413736,7
"974",17413760,7.5
"975",17413784,8
"976",17413850,8
"977",17413955,0
"978",17413979,0
"979",17414027,7.5
"980",17414117,8.5
"981",17414198,6
"982",17414222,8.5
"983",17414246,7.5
"984",17414270,8.5
"985",17414399,6.5
"986",17414441,7
"987",17414465,7
"988",17414642,0
"989",17414666,7.5
"990",17414690,7.5
"991",17414732,9
"992",17414861,7
"993",17414885,0
"994",17414909,7.5
"995",17414957,7.5
"996",17415059,7.5
"997",17415083,7
"998",17415107,6.5
"999",17415188,8
"1000",17415284,8.5
"1001",17415350,7.5
"1002",17415527,7.5
"1003",17415875,9.5
"1004",17415965,0
"1005",17416409,7.5
"1006",17416457,8.5
"1007",17416547,7
"1008",17416652,7.5
"1009",17416700,7.5
"1010",17416895,7
"1011",17416943,8.5
"1012",17417072,8.5
"1013",17417138,8.5
"1014",17417186,7.5
"1015",17417315,7.5
"1016",17417363,8.5
"1017",17417429,7.5
"1018",17417477,7
"1019",17417582,8
"1020",17417711,8.5
"1021",17417825,8
"1022",17417873,7
"1023",17417978,7.5
"1024",17418224,6.5
"1025",17418314,7.5
"1026",17418638,7.5
"1027",17418734,7.5
"1028",17418929,8
"1029",17419220,7
"1030",17419325,9
"1031",17419397,7.5
"1032",17419568,7.5
"1033",17419640,7
"1034",17419988,7.5
"1035",17420231,8
"1036",17420303,7
"1037",17420942,7
"1038",17421068,8
"1039",17421140,7
"1040",17421335,7
"1041",17421998,8
"1042",17422175,0
"1043",17422313,6.5
"1044",17422532,17
"1045",17422580,7.5
"1046",17422757,5.25
"1047",17423105,8
"1048",17423195,0
"1049",17423462,7.5
"1050",17423510,0
"1051",17423639,7.5
"1052",17423687,8
"1053",17423753,7.5
"1054",17423954,7.5
"1055",17424032,7.5
"1056",17424080,6
"1057",17424161,8
"1058",17424209,8.5
"1059",17424257,8
"1060",17424347,9
"1061",17424500,7
"1062",17424581,9
"1063",17424614,8
"1064",17424695,8
"1065",17424743,7.5
"1066",17424896,9
"1067",17424962,8
"1068",17425091,8.5
"1069",17425139,8.5
"1070",17430653,0
"1071",17431493,0
"1072",17440094,6.5
"1073",17442500,8
"1074",17445440,8.5
"1075",17445569,8
"1076",17445884,8.5
"1077",17445926,0
"1078",17445974,7.5
"1079",17446031,6.5
"1080",17446079,8
"1081",17446103,7
"1082",17446208,7.5
"1083",17446217,8.5
"1084",17450264,8.5
"1085",17453423,0
"1086",17453996,0
"1087",17454098,7.5
"1088",17454170,8
"1089",17456516,8
"1090",17461187,6.5
"1091",17461253,7.5
"1092",17469182,8
"1093",17469740,8
"1094",17469893,0
"1095",17470136,8
"1096",17471600,7.5
"1097",17475878,0
"1098",17475992,7.5
"1099",17476064,6
"1100",17476121,8
"1101",17476169,7.5
"1102",17476235,7.5
"1103",17476412,7.5
"1104",17476703,8
"1105",17477390,7.5
"1106",17478074,6
"1107",17478131,7.5
"1108",17478575,7
"1109",17480129,0
"1110",17483489,0
"1111",17486453,7.5
"1112",17486720,7
"1113",17486825,7
"1114",17486849,6.5
"1115",17486897,8
"1116",17487002,8
"1117",17487023,8
"1118",17487047,8
"1119",17487128,7
"1120",17487152,8.5
"1121",17487200,8
"1122",17487305,8
"1123",17487395,7.5
"1124",17487548,7
"1125",17487572,7
"1126",17487596,7.5
"1127",17487638,6.5
"1128",17489570,0
"1129",17493062,0
"1130",17498993,6.5
"1131",17499071,0
"1132",17499119,7
"1133",17499143,8.5
"1134",17502083,0
"1135",17506988,7.5
"1136",17507279,8
"1137",17509556,7
"1138",17510081,0
"1139",17511938,7
"1140",17512115,8.5
"1141",17515499,7.5
"1142",17519264,8.5
"1143",17521361,7
"1144",17522711,8.5
"1145",17524211,6.5
"1146",17524502,8
"1147",17524616,8
"1148",17524745,0
"1149",17524769,0
"1150",17524859,7
"1151",17524883,7
"1152",17524988,6.5
"1153",17529161,8.5
"1154",17531426,8
"1155",17531450,8.5
"1156",17531474,7
"1157",17534033,7.5
"1158",17535728,8
"1159",17536463,0
"1160",17536811,8
"1161",17541146,7
"1162",17546189,8
"1163",17549702,8.5
"1164",17549864,8.5
"1165",17566748,9
"1166",17579267,7.5
"1167",17588351,6.5
"1168",17590280,8.5
"1169",17602589,0
"1170",17604623,7.5
"1171",17604728,8.5
"1172",17610419,7.5
"1173",17610791,0
"1174",17611568,0
"1175",17618603,7
"1176",17618708,0
"1177",17618951,8.5
"1178",17619149,0
"1179",17619593,8.5
"1180",17620565,0
"1181",17621324,0
"1182",17629295,7.5
"1183",17634203,15
"1184",17635505,8.5
"1185",17637806,8
"1186",17645204,8.5
"1187",17648120,8.5
"1188",17655491,8.5
"1189",17662154,0
"1190",17662478,0
"1191",17669045,8.5
"1192",17670398,6
"1193",17670890,8.5
"1194",17676455,0
"1195",17678897,8
"1196",17682560,8
"1197",17684639,0
"1198",17695088,8.5
"1199",17701337,0
"1200",17726885,7.5
"1201",17727608,0
"1202",17728232,0
"1203",17781449,0
"1204",17784275,0
"1205",17787329,0
"1206",17790452,9
"1207",17794904,0
"1208",17799230,6.5
"1209",17799311,7.5
"1210",17799320,0
"1211",17802341,8
"1212",17804201,8.5
"1213",17821829,8
"1214",17826179,0
"1215",17827667,8
"1216",17828792,9
"1217",17839952,7.5
"1218",17840000,8
"1219",17844926,0
"1220",17867102,8.5
"1221",17872715,7.5
"1222",17874263,7
"1223",17874644,8
"1224",17874725,6
"1225",17874749,7.5
"1226",17874878,9
"1227",17874902,7.5
"1228",17875169,7.5
"1229",17875259,8.5
"1230",17875283,7
"1231",17875388,7
"1232",17875412,8
"1233",17875631,8
"1234",17875655,6.5
"1235",17875703,8
"1236",17875898,7.5
"1237",17875946,7.5
"1238",17875970,8
"1239",17875994,8.5
"1240",17876051,8
"1241",17876165,7.5
"1242",17876189,6
"1243",17876213,7
"1244",17876237,7.5
"1245",17876456,13.5
"1246",17876504,9
"1247",17876585,8
"1248",17876723,7
"1249",17876828,7
"1250",17876876,7
"1251",17877005,7.5
"1252",17877050,6
"1253",17877131,6.5
"1254",17877179,7
"1255",17877227,8.5
"1256",17877317,7
"1257",17877422,7
"1258",17877470,7
"1259",17877551,8
"1260",17877599,8.5
"1261",17877665,0
"1262",17877713,8.5
"1263",17877980,7.5
"1264",17878061,8
"1265",17878109,8.5
"1266",17878157,8
"1267",17878352,7
"1268",17878400,8
"1269",17878481,8.5
"1270",17878505,7.5
"1271",17878595,8
"1272",17878643,7
"1273",17878748,0
"1274",17878991,8
"1275",17879039,7
"1276",17879153,8
"1277",17879354,7.5
"1278",17879597,7.5
"1279",17879702,7.5
"1280",17879969,7.5
"1281",17880101,7
"1282",17880125,7
"1283",17880173,7.5
"1284",17880302,7.5
"1285",17880392,0
"1286",17880416,7.5
"1287",17880440,7
"1288",17880464,7
"1289",17880545,0
"1290",17880569,0
"1291",17880635,6
"1292",17880707,8
"1293",17880812,7.5
"1294",17880836,7
"1295",17880860,7.5
"1296",17880884,6
"1297",17880926,8
"1298",17880950,6.5
"1299",17881079,6
"1300",17881127,8
"1301",17881217,7.5
"1302",17881298,0
"1303",17881322,8.5
"1304",17881346,7.5
"1305",17881394,7.5
"1306",17881499,7.5
"1307",17881565,8
"1308",17881589,7.5
"1309",17881718,7.5
"1310",17881742,10
"1311",17881766,7.5
"1312",17881790,8
"1313",17881832,7.5
"1314",17882009,8.5
"1315",17882252,7
"1316",17882300,7.5
"1317",17882324,8
"1318",17882381,6.5
"1319",17882405,7.5
"1320",17882414,5
"1321",17882495,8.5
"1322",17882519,8
"1323",17882567,7
"1324",17882696,7
"1325",17882762,7.5
"1326",17882786,6.5
"1327",17882939,6.5
"1328",17882963,0
"1329",17883137,7.5
"1330",17883266,7.5
"1331",17883290,9.5
"1332",17883485,7
"1333",17883533,8
"1334",17883623,7
"1335",17883647,7
"1336",17883728,7.5
"1337",17883752,8
"1338",17883776,7.5
"1339",17883800,7.5
"1340",17883881,8
"1341",17883995,0
"1342",17884019,16
"1343",17884043,7
"1344",17884067,8
"1345",17884262,8
"1346",17884334,7
"1347",17884391,8
"1348",17884439,7.5
"1349",17884682,0
"1350",17884706,8
"1351",17884730,8.5
"1352",17884811,8.5
"1353",17884901,7.5
"1354",17884925,7
"1355",17884997,8
"1356",17885078,0
"1357",17885102,7
"1358",17885192,7
"1359",17885216,7.5
"1360",17885240,8
"1361",17885264,0
"1362",17885345,9
"1363",17885369,8
"1364",17885588,7
"1365",17885612,7
"1366",17885660,7.5
"1367",17885726,8
"1368",17885750,8.5
"1369",17885774,8
"1370",17885831,8
"1371",17885879,7.5
"1372",17885903,7.5
"1373",17885927,8
"1374",17886029,7.5
"1375",17886053,9
"1376",17886311,7.5
"1377",17886320,7
"1378",17886401,8
"1379",17886425,7.5
"1380",17886449,8.5
"1381",17886497,7
"1382",17886578,7.5
"1383",17886602,8
"1384",17886668,7.5
"1385",17886716,0
"1386",17886740,0
"1387",17886764,6.5
"1388",17886869,8
"1389",17886935,0
"1390",17886959,8
"1391",17886983,7
"1392",17887007,7.5
"1393",17887088,8.5
"1394",17887112,7
"1395",17887136,7.5
"1396",17887160,7
"1397",17887226,8
"1398",17887274,8
"1399",17887355,8
"1400",17887379,7.5
"1401",17887427,7.5
"1402",17887508,0
"1403",17892038,0
"1404",17894099,6.5
"1405",17894723,8.5
"1406",17902967,0
"1407",17905058,0
"1408",17910749,0
"1409",17910968,6.5
"1410",17913641,8.5
"1411",17913665,7
"1412",17913737,7.5
"1413",17916539,7.5
"1414",17920814,7.5
"1415",17921558,7.5
"1416",17922305,0
"1417",17923130,8
"1418",17926022,8
"1419",17926757,7.5
"1420",17926823,7
"1421",17926928,7
"1422",17926976,7.5
"1423",17927000,7
"1424",17927081,8
"1425",17927267,6.5
"1426",17927510,8.5
"1427",17927729,6.5
"1428",17928011,7
"1429",17928032,7.5
"1430",17928080,8
"1431",17928605,0
"1432",17929802,7.5
"1433",17932451,0
"1434",17933738,0
"1435",17934557,7
"1436",17939309,7.5
"1437",17941769,0
"1438",17943245,0
"1439",17945000,8
"1440",17945114,7
"1441",17945195,7.5
"1442",17945243,6.5
"1443",17945348,7
"1444",17946719,8
"1445",17950217,8
"1446",17952242,7.5
"1447",17953487,0
"1448",17953901,0
"1449",17954078,6
"1450",17956841,6
"1451",17959634,8
"1452",17960054,8
"1453",17960201,7
"1454",17961239,7.5
"1455",17962235,7.5
"1456",17962460,0
"1457",17964179,8
"1458",17964866,0
"1459",17968073,9
"1460",17968097,8
"1461",17969222,6.5
"1462",17969294,0
"1463",17972240,0
"1464",17976098,8
"1465",17976437,7
"1466",17982689,7.5
"1467",17982866,7
"1468",17982932,6
"1469",17982956,7.5
"1470",17985944,8
"1471",17986535,7
"1472",17988455,8.5
"1473",17988875,0
"1474",17989013,7
"1475",17989895,7
"1476",17989919,6
"1477",17989943,8
"1478",17990072,8
"1479",17990096,8.5
"1480",17990138,7.5
"1481",17990162,7
"1482",17990186,8
"1483",17990210,7.5
"1484",17990429,9.5
"1485",17990582,7.5
"1486",17990606,8
"1487",17990630,8.5
"1488",17990711,0
"1489",17990720,7.5
"1490",17990801,7
"1491",17993231,8
"1492",17997872,0
"1493",17998139,8
"1494",17998163,8.5
"1495",18001217,8
"1496",18051149,7.5
"1497",18058112,8.5
"1498",18063116,0
"1499",18066614,7.5
"1500",18068426,8
"1501",18068531,8.5
"1502",18068846,8
"1503",18079982,9
"1504",18085004,9
"1505",18090752,7.5
"1506",18090800,9.5
"1507",18092192,8
"1508",18092459,7
"1509",18092483,0
"1510",18094331,8
"1511",18094937,7.5
"1512",18095528,8
"1513",18096413,7
"1514",18097181,7
"1515",18098669,8
"1516",18098735,7
"1517",18099797,8
"1518",18102422,0
"1519",18103571,7
"1520",18104306,7.5
"1521",18104993,8
"1522",18106340,6.5
"1523",18107756,0
"1524",18110477,8
"1525",18110978,7
"1526",18111572,0
"1527",18111662,8
"1528",18112478,8
"1529",18112568,0
"1530",18113327,8
"1531",18113417,9
"1532",18113498,7.5
"1533",18113522,8.5
"1534",18114359,8
"1535",18114383,7
"1536",18114512,7.5
"1537",18114998,6.5
"1538",18115151,8
"1539",18116105,7
"1540",18117347,8
"1541",18117524,7.5
"1542",18117605,7.5
"1543",18117938,0
"1544",18118358,7.5
"1545",18119336,8
"1546",18122258,7
"1547",18123272,7.5
"1548",18123629,8
"1549",18126284,7.5
"1550",18126941,0
"1551",18127919,7
"1552",18128339,8
"1553",18128429,8
"1554",18128477,7.5
"1555",18128654,7
"1556",18129548,0
"1557",18131741,14.5
"1558",18132068,7
"1559",18132140,7.5
"1560",18132245,7
"1561",18132584,8
"1562",18132626,0
"1563",18132755,7.5
"1564",18133418,8
"1565",18133442,0
"1566",18133709,15.5
"1567",18133757,8.5
"1568",18134396,6.5
"1569",18134510,8.5
"1570",18135104,0
"1571",18135962,7
"1572",18136964,9
"1573",18138683,0
"1574",18139298,7.5
"1575",18139499,7.5
"1576",18139718,7
"1577",18140228,0
"1578",18140696,7
"1579",18141905,8.5
"1580",18142172,6
"1581",18142973,0
"1582",18143879,8
"1583",18143927,6.5
"1584",18145250,8
"1585",18145799,0
"1586",18146285,7
"1587",18147098,0
"1588",18147251,8.5
"1589",18147389,7.5
"1590",18147680,8.5
"1591",18147857,0
"1592",18148052,7
"1593",18148295,8.5
"1594",18148691,8.5
"1595",18150536,8.5
"1596",18150731,9
"1597",18150755,7.5
"1598",18150998,7
"1599",18151046,7
"1600",18151094,8
"1601",18151709,8
"1602",18152396,8
"1603",18153233,7
"1604",18153986,7.5
"1605",18154163,7
"1606",18154253,8
"1607",18154454,7.5
"1608",18154697,8
"1609",18155159,7.5
"1610",18155798,0
"1611",18156125,7
"1612",18157718,7
"1613",18157856,8
"1614",18157880,7.5
"1615",18157985,7.5
"1616",18159041,8
"1617",18159485,8
"1618",18160043,8
"1619",18160487,8
"1620",18160844,8
"1621",18160949,6.5
"1622",18161507,7.5
"1623",18163160,7
"1624",18163646,7
"1625",18163775,8
"1626",18164600,7.5
"1627",18164624,7.5
"1628",18166205,6.5
"1629",18166787,9.5
"1630",18167120,8.5
"1631",18168353,8
"1632",18168482,0
"1633",18168701,7
"1634",18168797,0
"1635",18169526,8
"1636",18169898,6.5
"1637",18170099,0
"1638",18170213,8
"1639",18170633,0
"1640",18171422,6
"1641",18172514,7
"1642",18172862,7.5
"1643",18173039,9
"1644",18174758,0
"1645",18175025,8
"1646",18175268,9
"1647",18175955,8
"1648",18176375,0
"1649",18176780,7.5
"1650",18178013,0
"1651",18178361,8
"1652",18179096,6.5
"1653",18179138,8
"1654",18179210,8
"1655",18179744,8
"1656",18179825,7.5
"1657",18180449,7.5
"1658",18180692,6.5
"1659",18181226,7.5
"1660",18181775,7
"1661",18181799,9
"1662",18182600,7.5
"1663",18183017,7.5
"1664",18183098,7.5
"1665",18183170,7
"1666",18183809,8
"1667",18184076,7
"1668",18184763,6.5
"1669",18185030,0
"1670",18187436,8.5
"1671",18189956,8
"1672",18190424,6
"1673",18191282,8.5
"1674",18193469,8
"1675",18193493,8
"1676",18194885,9
"1677",18195284,7
"1678",18195746,8
"1679",18195965,7
"1680",18196037,6.5
"1681",18196547,7.5
"1682",18196676,7.5
"1683",18196967,0
"1684",18197339,8
"1685",18197744,8
"1686",18198023,7
"1687",18198734,7.5
"1688",18198815,8
"1689",18199907,7
"1690",18200498,8
"1691",18200741,8
"1692",18201116,8
"1693",18203687,8
"1694",18203729,0
"1695",18204161,6.5
"1696",18204671,9
"1697",18206708,8
"1698",18207368,8
"1699",18207521,7
"1700",18208079,7
"1701",18208346,0
"1702",18208856,8.5
"1703",18210296,8.5
"1704",18210563,8
"1705",18210920,7.5
"1706",18213035,7
"1707",18214919,7.5
"1708",18217859,8.5
"1709",18218918,0
"1710",18219908,7
"1711",18219917,7.5
"1712",18221615,7.5
"1713",18221663,8.5
"1714",18222233,8
"1715",18223187,8
"1716",18223430,9.5
"1717",18223778,7.5
"1718",18224045,8
"1719",18224579,7
"1720",18224951,7.5
"1721",18226208,9
"1722",18226742,7.5
"1723",18226832,0
"1724",18228065,7.5
"1725",18228881,7
"1726",18230264,7.5
"1727",18230321,0
"1728",18230660,7
"1729",18232646,8
"1730",18232913,8.5
"1731",18233867,8
"1732",18233996,7.5
"1733",18234017,7
"1734",18234098,8.5
"1735",18235100,9
"1736",18235124,8
"1737",18235982,7
"1738",18236111,0
"1739",18238817,0
"1740",18240233,8
"1741",18240848,6.5
"1742",18241115,7.5
"1743",18242093,0
"1744",18243788,8
"1745",18244127,8
"1746",18245414,9
"1747",18245963,7
"1748",18245987,8.5
"1749",18246776,7.5
"1750",18247730,7.5
"1751",18247820,8
"1752",18248636,8
"1753",18249320,8
"1754",18250670,8
"1755",18250799,0
"1756",18251705,0
"1757",18252518,6.5
"1758",18252680,7.5
"1759",18271538,7.5
"1760",18285395,7
"1761",18286640,8.5
"1762",18286835,7.5
"1763",18286907,9
"1764",18287966,7
"1765",18288908,9
"1766",18293822,7
"1767",18294974,7.5
"1768",18299774,0
"1769",18307709,8
"1770",18309476,7.5
"1771",18311555,8.5
"1772",18322787,0
"1773",18344366,0
"1774",18344561,0
"1775",18348653,0
"1776",18356012,7
"1777",18357164,9
"1778",18357245,0
"1779",18361526,7
"1780",18361679,7.5
"1781",18373721,7
"1782",18374837,7
"1783",18375269,7.5
"1784",18384752,7.5
"1785",18388007,9
"1786",18392942,0
"1787",18396614,0
"1788",18411968,0
"1789",18414641,0
"1790",18414866,0
"1791",18431189,7
"1792",18431828,9
"1793",18432026,7.5
"1794",18440453,0
"1795",18443303,7.5
"1796",18445604,9
"1797",18449288,0
"1798",18451400,8.5
"1799",18453758,0
"1800",18454850,0
"1801",18462221,0
"1802",18468788,7
"1803",18478763,7
"1804",18482000,8
"1805",18484868,7.5
"1806",18485975,7.5
"1807",18490172,6
"1808",18490730,0
"1809",18492206,0
"1810",18493427,0
"1811",18494090,7
"1812",18498377,0
"1813",18506117,8
"1814",18527825,0
"1815",18529859,6.5
"1816",18531731,7.5
"1817",18533639,9
"1818",18534209,7.5
"1819",18540653,8.5
"1820",18541607,7.5
"1821",18542513,7.5
"1822",18544232,7.5
"1823",18545387,0
"1824",18545477,7.5
"1825",18549674,7.5
"1826",18551000,8
"1827",18552896,8.5
"1828",18552938,7.5
"1829",18557786,8
"1830",18557987,8
"1831",18620195,0
"1832",18621848,8
"1833",18623975,7.5
"1834",18626696,7.5
"1835",18628973,7
"1836",18629855,7
"1837",18631433,0
"1838",18633395,8
"1839",18635126,7.5
"1840",18635966,7
"1841",18636269,0
"1842",18636803,7.5
"1843",18643565,9
"1844",18644324,7.5
"1845",22820468,7
"1846",25251353,8
"1847",25520108,0
"1848",25574168,6
"1849",25607909,7
"1850",25813637,0
"1851",25852781,0
"1852",25865129,0
"1853",26114234,0
"1854",26123207,0
"1855",26253077,18
"1856",26464502,0
"1857",26480042,8
"1858",26759327,0
"1859",26784464,15
"1860",26885171,8.5
"1861",26907143,6.5
"1862",27331106,0
"1863",27371432,0
"1864",27448013,8
"1865",27547133,8.5
"1866",27561080,7.5
"1867",27653987,6
"1868",27657182,8
"1869",27680402,0
"1870",27790838,7.5
"1871",28003286,8
"1872",28220639,8
"1873",28259840,0
"1874",28296095,8
"1875",28307438,7.5
"1876",28476638,7
"1877",28510799,0
"1878",28669763,12.5
"1879",28806395,7
"1880",28818728,6
"1881",28848866,6.5
"1882",28856048,7
"1883",28870784,0
"1884",28875638,8
"1885",28927427,8
"1886",28957850,8
"1887",29028035,8
"1888",29109155,6.5
"1889",29113607,7
"1890",29153180,7.5
"1891",29235356,7.5
"1892",29250635,0
"1893",29251742,8
"1894",29258447,8
"1895",29290190,6.5
"1896",29364221,0
"1897",29364560,8
"1898",29416634,7
"1899",29485124,7
"1900",29504516,7.5
"1901",29518325,8
"1902",29521538,7
"1903",29593679,6.5
"1904",29641244,18
"1905",29672612,7.5
"1906",29717159,0
"1907",29720228,0
"1908",29740844,8
"1909",29753444,8
"1910",29753678,0
"1911",29768141,0
"1912",29771597,0
"1913",29777558,8
"1914",29802452,9
"1915",29824742,0
"1916",29891894,12.5
"1917",29893127,7.5
"1918",29894414,0
"1919",29922239,0
"1920",30000023,8
"1921",30000503,6.5
"1922",30000521,7.5
"1923",30000548,7.5
"1924",30000782,8
"1925",30000827,7.5
"1926",30000830,7.5
"1927",30000917,6.25
"1928",30000962,8
"1929",30001034,7
"1930",30001112,7
"1931",30001115,7.5
"1932",30001361,0
"1933",30001493,6.5
"1934",30001496,0
"1935",30001547,8.5
"1936",30001592,8.5
"1937",30001787,8
"1938",30001790,7
"1939",30001850,7.5
"1940",30001913,7.5
"1941",30002000,9
"1942",30002003,0
"1943",30002099,0
"1944",30002126,0
"1945",30002165,8
"1946",30002300,0
"1947",30002306,9
"1948",30002432,7.5
"1949",30002480,7.5
"1950",30002633,0
"1951",30002723,7
"1952",30002792,0
"1953",30002813,7
"1954",30002837,7.5
"1955",30002921,0
"1956",30002969,7.5
"1957",30003020,8
"1958",30003023,0
"1959",30003059,7
"1960",30003062,7.5
"1961",30003152,8
"1962",30003257,0
"1963",30003263,6.5
"1964",30003296,8
"1965",30003347,7.5
"1966",30003674,7.5
"1967",30003875,7
"1968",30003968,6.5
"1969",30003989,7
"1970",30003995,8
"1971",30004034,8
"1972",30004046,8
"1973",30004064,0
"1974",30004154,8
"1975",30004286,0
"1976",30004346,8
"1977",30004382,0
"1978",30004433,8
"1979",30004520,8.5
"1980",30004523,8
"1981",30004595,8
"1982",30004619,7
"1983",30004622,8
"1984",30004655,0
"1985",30004658,8
"1986",30004916,0
"1987",30005024,8
"1988",30005087,7
"1989",30005096,7.5
"1990",30005165,0
"1991",30005246,0
"1992",30005264,7
"1993",30005300,8
"1994",30005312,8
"1995",30005360,8.5
"1996",30005372,7
"1997",30005402,8.5
"1998",30005414,6.5
"1999",30005426,8
"2000",30005555,7.5
"2001",30005681,6.5
"2002",30005684,7
"2003",30005726,6
"2004",30005798,8
"2005",30005855,0
"2006",30005888,7
"2007",30005909,8.5
"2008",30005942,7
"2009",30006116,6
"2010",30006296,8
"2011",30006350,7
"2012",30006461,7
"2013",30006476,0
"2014",30006569,7.5
"2015",30006764,7.5
"2016",30006779,0
"2017",30006794,7.5
"2018",30006839,6.5
"2019",30006857,0
"2020",30006950,8.5
"2021",30006956,0
"2022",30006995,8.5
"2023",30006998,7
"2024",30007115,8.5
"2025",30007187,0
"2026",30007286,8
"2027",30007304,0
"2028",30007718,7.5
"2029",30007742,0
"2030",30007781,0
"2031",30007874,7.5
"2032",30008015,7
"2033",30008060,7
"2034",30008135,0
"2035",30008144,0
"2036",30008153,0
"2037",30008168,0
"2038",30008180,0
"2039",30008195,9
"2040",30008198,7.5
"2041",30008210,8
"2042",30008216,8
"2043",30008246,8
"2044",30008288,8.5
"2045",30008339,0
"2046",30008351,8
"2047",30008378,7.5
"2048",30008519,7
"2049",30008534,0
"2050",30008558,9
"2051",30008561,8
"2052",30008681,7.5
"2053",30008765,8
"2054",30008789,8
"2055",30008894,0
"2056",30008984,6.5
"2057",30009002,7.5
"2058",30009188,8.5
"2059",30009251,7
"2060",30009326,6.5
"2061",30009329,7
"2062",30009353,7
"2063",30009371,0
"2064",30009398,0
"2065",30009449,0
"2066",30009530,8.5
"2067",30009533,8
"2068",30009566,8
"2069",30009665,0
"2070",30009680,0
"2071",30009689,7
"2072",30009698,8
"2073",30009704,8
"2074",30009719,7
"2075",30009725,7.5
"2076",30009782,0
"2077",30009800,6.5
"2078",30009869,7.5
"2079",30009926,7
"2080",30009953,8.5
"2081",30009968,7
"2082",30010100,7.5
"2083",30010265,7.5
"2084",30010274,6
"2085",30010280,0
"2086",30010310,7
"2087",30010325,9
"2088",30010388,6.5
"2089",30010424,7.5
"2090",30010595,0
"2091",30010697,7.5
"2092",30010721,8.5
"2093",30010760,8.5
"2094",30010781,7
"2095",30010835,7.5
"2096",30010847,7
"2097",30010874,6.5
"2098",30010955,6.5
"2099",30011003,0
"2100",30011063,0
"2101",30011114,6.5
"2102",30011123,0
"2103",30011150,7.5
"2104",30011168,7
"2105",30011183,7.5
"2106",30011396,0
"2107",30011426,0
"2108",30011546,0
"2109",30011630,8
"2110",30011693,8
"2111",30011738,6
"2112",30011936,9
"2113",30011969,8
"2114",30012245,9
"2115",30012362,7.5
"2116",30012905,0
"2117",30013100,8
"2118",30013148,7
"2119",30013262,8.5
"2120",30013358,8
"2121",30013439,7
"2122",30013514,0
"2123",30013526,6.5
"2124",30013649,7
"2125",30013733,8.5
"2126",30013742,0
"2127",30013754,7
"2128",30013763,0
"2129",30013907,7
"2130",30014054,8.5
"2131",30014066,7.5
"2132",30014639,8.5
"2133",30014645,8.5
"2134",30014651,9
"2135",30014654,8
"2136",30014657,8.5
"2137",30014660,9
"2138",30014663,8
"2139",30014666,9
"2140",30014669,9.5
"2141",30014672,7
"2142",30014675,0
"2143",30014678,9.5
"2144",30014690,8.5
"2145",30014699,9
"2146",30014744,8.5
"2147",30014861,8
"2148",30015182,8
"2149",30015449,7.5
"2150",30017624,7
"2151",30017681,7
"2152",30018122,7.5
"2153",30018857,7.5
"2154",30019829,6
"2155",30020120,0
"2156",30020225,8
"2157",30020516,0
"2158",30021353,6.5
"2159",30021992,7.5
"2160",30022016,7.5
"2161",30022193,7.5
"2162",30025223,7
"2163",30027248,7
"2164",30027758,8
"2165",30028688,0
"2166",30029732,9
"2167",30029780,7.5
"2168",30030647,8
"2169",30031706,7.5
"2170",30031844,0
"2171",30032168,0
"2172",30032612,8.5
"2173",30033158,8
"2174",30033182,6.5
"2175",30033869,6.5
"2176",30034160,8
"2177",30034403,8.5
"2178",30035285,8
"2179",30036098,6
"2180",30036590,8
"2181",30036785,0
"2182",30036923,6
"2183",30037496,7.5
"2184",30037787,7
"2185",30038516,0
"2186",30039878,7
"2187",30041165,8.5
"2188",30042155,7.5
"2189",30043247,0
"2190",30043400,7.5
"2191",30046202,7
"2192",30046268,7
"2193",30047399,7
"2194",30047861,7
"2195",30048503,8
"2196",30049385,8.5
"2197",30049724,7.5
"2198",30049805,7.5
"2199",30050138,7.5
"2200",30050315,7
"2201",30051734,9
"2202",30053498,8
"2203",30053594,8
"2204",30053942,7.5
"2205",30054407,8
"2206",30054626,8
"2207",30054731,8.5
"2208",30055466,7.5
"2209",30055661,0
"2210",30055823,0
"2211",30056372,8
"2212",30056438,0
"2213",30056639,7.5
"2214",30056753,0
"2215",30057614,8
"2216",30058187,9
"2217",30059336,8
"2218",30059474,9
"2219",30060575,8.5
"2220",30060737,0
"2221",30063095,7.5
"2222",30067037,8
"2223",30068186,9
"2224",30073151,0
"2225",30074114,0
"2226",30074267,0
"2227",30075104,0
"2228",30075872,0
"2229",30079589,6
"2230",30079766,7.5
"2231",30098762,0
"2232",30098915,0
"2233",30098939,0
"2234",30099089,0
"2235",30099137,0
"2236",30099218,0
"2237",30099242,0
"2238",30100820,0
"2239",30103379,8.5
"2240",30105761,0
"2241",30106214,7.5
"2242",30146846,0
"2243",30148880,0
"2244",30148904,7.5
"2245",30167252,7
"2246",30168533,9
"2247",30170435,6
"2248",30181892,7
"2249",30191819,0
"2250",30195554,0
"2251",30197213,0
"2252",30197852,0
"2253",30199748,8.5
"2254",30200501,0
"2255",30200816,0
"2256",30201167,0
"2257",30202097,8.5
"2258",30204965,0
"2259",30206048,0
"2260",30209522,0
"2261",30209837,0
"2262",30212888,8
"2263",30216005,0
"2264",30216956,8
"2265",30218702,0
"2266",30223700,9.5
"2267",30226106,7.5
"2268",30226616,7.5
"2269",30226769,8.5
"2270",30226793,7.5
"2271",30228755,0
"2272",30229847,7
"2273",30231581,7.5
"2274",30232187,0
"2275",30232277,0
"2276",30232544,7.5
"2277",30241871,0
"2278",30242630,8
"2279",30242744,0
"2280",30242801,8.5
"2281",30247556,7
"2282",30249671,8
"2283",30249986,8
"2284",30251360,0
"2285",30252392,8
"2286",30254405,7.5
"2287",30254495,9
"2288",30261704,8.5
"2289",30267026,0
"2290",30272915,8
"2291",30276077,7
"2292",30276668,8
"2293",30277007,9
"2294",30278333,6
"2295",30279413,9
"2296",30280610,7.5
"2297",30281402,7
"2298",30287087,0
"2299",30288587,0
"2300",30289178,8
"2301",30294596,0
"2302",30294686,7.5
"2303",30295130,0
"2304",30296408,0
"2305",30296741,7
"2306",30298442,0
"2307",30299510,0
"2308",30301994,0
"2309",30303890,0
"2310",30305354,8
"2311",30308537,8.5
"2312",30308885,0
"2313",30309107,8
"2314",30309503,7.5
"2315",30311558,7
"2316",30316265,0
"2317",30319454,8.5
"2318",30319940,0
"2319",30320975,0
"2320",30321884,0
"2321",30323696,9
"2322",30325820,0
"2323",30333560,8
"2324",30333584,7.5
"2325",30336695,7
"2326",30337916,0
"2327",30338798,0
"2328",30344345,6
"2329",30344726,6.5
"2330",30345158,8
"2331",30352946,0
"2332",30352994,0
"2333",30358364,15
"2334",30364136,0
"2335",30364274,0
"2336",30365309,7.5
"2337",30365447,0
"2338",30371981,0
"2339",30377351,6
"2340",30378698,10
"2341",30381863,8.5
"2342",30386729,7.5
"2343",30393119,0
"2344",30395108,0
"2345",30401990,0
"2346",30407045,8
"2347",30409541,0
"2348",30410057,7.5
"2349",30410939,7
"2350",30413078,0
"2351",30419054,8
"2352",30423080,8.5
"2353",30423161,9
"2354",30423233,8
"2355",30428324,8.5
"2356",30429461,7
"2357",30430262,7.5
"2358",30433751,9
"2359",30433775,7.5
"2360",30434333,6
"2361",30435170,0
"2362",30435275,7.5
"2363",30436181,0
"2364",30437402,0
"2365",30439064,7
"2366",30439307,7
"2367",30440828,7
"2368",30445097,8
"2369",30445421,6
"2370",30445583,8.5
"2371",30445736,7.5
"2372",30446957,0
"2373",30447350,0
"2374",30448361,7.5
"2375",30451646,0
"2376",30452819,7.5
"2377",30452948,7.5
"2378",30456062,7
"2379",30457040,0
"2380",30459131,7.5
"2381",30459737,0
"2382",30462071,0
"2383",30462539,8.5
"2384",30463316,0
"2385",30464441,7
"2386",30464957,8.5
"2387",30466166,8
"2388",30467654,8.5
"2389",30474323,7
"2390",30477101,0
"2391",30477593,0
"2392",30477635,7.5
"2393",30478880,8
"2394",30480920,7
"2395",30484628,0
"2396",30485138,7.5
"2397",30485825,7
"2398",30485849,0
"2399",30487106,0
"2400",30489755,8.5
"2401",30490685,7
"2402",30491195,0
"2403",30491777,8.5
"2404",30491882,7.5
"2405",30495707,0
"2406",30499196,0
"2407",30499901,0
"2408",30500168,0
"2409",30500321,8.5
"2410",30501029,7.5
"2411",30501401,8.5
"2412",30501578,0
"2413",30501602,8.5
"2414",30501668,0
"2415",30501845,0
"2416",30505586,7.5
"2417",30505610,7.5
"2418",30505982,0
"2419",30506120,0
"2420",30506936,8
"2421",30507530,0
"2422",30508808,0
"2423",30508817,0
"2424",30509075,7.5
"2425",30509432,6
"2426",30509609,8
"2427",30509924,7.5
"2428",30510719,7.5
"2429",30511454,0
"2430",30511649,0
"2431",30512450,0
"2432",30512474,0
"2433",30512951,6.5
"2434",30513974,0
"2435",30514541,8.5
"2436",30516218,7
"2437",30516380,0
"2438",30516881,6
"2439",30516914,0
"2440",30517019,0
"2441",30517334,7.5
"2442",30517706,8
"2443",30518168,0
"2444",30518459,8.5
"2445",30518483,8
"2446",30521285,8.5
"2447",30522704,0
"2448",30523319,0
"2449",30523343,0
"2450",30523472,8.5
"2451",30525134,8
"2452",30525773,8
"2453",30526064,7.5
"2454",30526412,7
"2455",30527432,0
"2456",30527585,8
"2457",30528227,0
"2458",30528932,0
"2459",30528980,6.5
"2460",30529109,0
"2461",30531014,0
"2462",30532178,0
"2463",30532445,7
"2464",30532931,0
"2465",30533294,0
"2466",30533618,8
"2467",30533885,8
"2468",30534851,7
"2469",30534989,0
"2470",30535724,7.5
"2471",30535871,7.5
"2472",30537002,9
"2473",30537863,9
"2474",30538106,7.5
"2475",30538568,7
"2476",30539741,7
"2477",30540413,8
"2478",30542468,7.5
"2479",30542936,0
"2480",30543287,0
"2481",30544460,0
"2482",30545318,8
"2483",30546131,7.5
"2484",30546737,0
"2485",30546980,8
"2486",30547571,0
"2487",30547667,0
"2488",30547772,7
"2489",30548129,0
"2490",30548258,7
"2491",30549854,15.5
"2492",30551027,0
"2493",30551465,7
"2494",30551756,0
"2495",30552503,8
"2496",30553013,8.5
"2497",30553433,7
"2498",30553628,0
"2499",30554186,0
"2500",30556301,4
"2501",30556349,9
"2502",30556592,7
"2503",30556907,7.5
"2504",30560348,7.5
"2505",30560534,7.5
"2506",30561209,0
"2507",30561896,0
"2508",30562229,7.5
"2509",30562601,8.5
"2510",30562697,8
"2511",30562778,9
"2512",30563288,8.5
"2513",30564044,0
"2514",30564812,8
"2515",30565370,7.5
"2516",30565961,7
"2517",30565985,7
"2518",30566762,7.5
"2519",30566834,8
"2520",30566939,0
"2521",30566987,8.5
"2522",30567752,7.5
"2523",30568286,0
"2524",30569078,7.5
"2525",30570212,8.5
"2526",30570989,7.5
"2527",30572711,0
"2528",30573815,7.5
"2529",30574211,0
"2530",30576803,0
"2531",30577847,0
"2532",30578906,0
"2533",30579032,7
"2534",30579848,0
"2535",30580868,7.5
"2536",30580916,8
"2537",30581336,0
"2538",30581474,0
"2539",30581951,7
"2540",30582101,7.5
"2541",30582149,0
"2542",30582302,0
"2543",30582707,0
"2544",30582836,0
"2545",30583613,0
"2546",30584738,0
"2547",30585461,0
"2548",30585485,0
"2549",30585728,8
"2550",30585914,0
"2551",30587168,6.5
"2552",30587369,0
"2553",30587459,8.5
"2554",30587927,8
"2555",30588311,0
"2556",30588578,8.5
"2557",30588821,0
"2558",30589007,0
"2559",30589088,8.5
"2560",30589250,0
"2561",30589799,0
"2562",30590285,8
"2563",30590528,7.5
"2564",30590795,0
"2565",30592829,7
"2566",30593960,0
"2567",30595040,8.5
"2568",30595574,0
"2569",30595970,0
"2570",30598352,7.5
"2571",30598505,8
"2572",30598571,7.5
"2573",30599792,7.5
"2574",30601451,0
"2575",30601766,6
"2576",30606230,8.5
"2577",30606893,0
"2578",30607184,0
"2579",30607775,7.5
"2580",30609017,7
"2581",30610214,7.5
"2582",30611402,8
"2583",30611807,7.5
"2584",30612062,7.5
"2585",30612191,0
"2586",30612482,0
"2587",30612554,0
"2588",30614189,0
"2589",30614237,8
"2590",30614657,0
"2591",30616352,7.5
"2592",30616886,8
"2593",30617420,0
"2594",30617816,8
"2595",30617864,7
"2596",30617921,0
"2597",30618119,7
"2598",30619049,0
"2599",30621083,0
"2600",30621608,0
"2601",30621875,0
"2602",30623291,0
"2603",30624305,7
"2604",30624686,0
"2605",30625130,7
"2606",30625211,7.5
"2607",30626942,7
"2608",30627269,7.5
"2609",30628556,0
"2610",30628604,0
"2611",30629348,0
"2612",30630458,8.5
"2613",30630611,8
"2614",30632051,7
"2615",30635816,8
"2616",30636629,6.5
"2617",30637316,0
"2618",30637421,0
"2619",30640190,8
"2620",30641387,0
"2621",30646070,8
"2622",30647858,0
"2623",30648848,8
"2624",30648872,7
"2625",30649892,0
"2626",30657668,0
"2627",30659972,7.5
"2628",30664976,7
"2629",30665687,8
"2630",30665858,7
"2631",30665930,6.5
"2632",30666743,7
"2633",30668798,6.5
"2634",30669464,0
"2635",30669683,7
"2636",30670055,7
"2637",30675473,8
"2638",30675764,9
"2639",30675935,9
"2640",30677285,7.5
"2641",30677552,0
"2642",30685061,0
"2643",30685505,0
"2644",30686153,9
"2645",30691820,8.5
"2646",30703862,0
"2647",30704792,0
"2648",30707885,0
"2649",30713303,0
"2650",30713570,0
"2651",30713594,0
"2652",30713651,0
"2653",30713675,0
"2654",30728429,9
"2655",30741914,6.5
"2656",30746309,6.5
"2657",30748214,0
"2658",30748271,0
"2659",30748343,0
"2660",30748448,0
"2661",30748496,0
"2662",30748538,0
"2663",30748610,0
"2664",30752105,0
"2665",30752906,0
"2666",30760577,8.5
"2667",30763775,8
"2668",30769436,0
"2669",30770561,0
"2670",30770585,0
"2671",30772481,0
"2672",30774515,0
"2673",30794732,7.5
"2674",30798395,7
"2675",30800231,0
"2676",30804614,0
"2677",30811955,9
"2678",30814457,8
"2679",30814943,9.5
"2680",30816638,0
"2681",30821219,7
"2682",30822986,8
"2683",30823673,0
"2684",30824894,0
"2685",30826127,6.5
"2686",30827147,0
"2687",30829334,6.5
"2688",30832865,7
"2689",30834122,7.5
"2690",30838283,7.5
"2691",30838946,0
"2692",30840671,6.5
"2693",30842603,0
"2694",30850226,8
"2695",30851528,8.5
"2696",30859595,0
"2697",30861854,0
"2698",30862826,6.5
"2699",30867638,7
"2700",30871958,0
"2701",30879944,8
"2702",30884897,0
"2703",30893474,7
"2704",30895985,0
"2705",30896648,8
"2706",30905741,8
"2707",30906827,0
"2708",30914891,0
"2709",30914915,0
"2710",30915137,0
"2711",30920204,0
"2712",30920624,0
"2713",30921098,0
"2714",30925898,0
"2715",30930173,0
"2716",30930683,7.5
"2717",30931589,0
"2718",30932414,0
"2719",30943526,0
"2720",30944456,0
"2721",30947993,0
"2722",30948071,7
"2723",30949073,7.5
"2724",30949535,0
"2725",30951035,0
"2726",30951260,0
"2727",30954977,7.5
"2728",30955220,7
"2729",30957383,8
"2730",30958289,7
"2731",30959687,8
"2732",30960992,8
"2733",30964514,7.5
"2734",30969035,7.5
"2735",30970676,8
"2736",30973106,0
"2737",30973349,0
"2738",30974837,0
"2739",30976604,0
"2740",30976757,0
"2741",30978011,0
"2742",30978347,0
"2743",30980159,6.5
"2744",30984137,7.5
"2745",30985811,0
"2746",30986102,0
"2747",30988355,0
"2748",30988508,8
"2749",30993536,0
"2750",30995729,0
"2751",30995954,7
"2752",30996347,0
"2753",30996986,0
"2754",30997382,6.5
"2755",30998183,7.5
"2756",30998894,0
"2757",31003310,0
"2758",31003529,0
"2759",31004879,0
"2760",31006088,7.5
"2761",31006751,7.5
"2762",31006937,0
"2763",31007948,8
"2764",31009028,0
"2765",31009124,0
"2766",31010378,0
"2767",31010735,0
"2768",31011287,0
"2769",31011482,0
"2770",31012193,0
"2771",31014398,8
"2772",31014818,0
"2773",31016306,7
"2774",31020509,0
"2775",31023983,0
"2776",31024841,8
"2777",31025285,0
"2778",31025705,7.5
"2779",31025795,0
"2780",31026194,0
"2781",31027634,0
"2782",31031075,7.5
"2783",31031318,0
"2784",31031747,0
"2785",31033328,7
"2786",31034921,7.5
"2787",31034945,8.5
"2788",31034969,0
"2789",31035014,0
"2790",31035539,0
"2791",31037618,0
"2792",31038503,0
"2793",31039409,0
"2794",31039433,8
"2795",31039724,8
"2796",31039805,0
"2797",31039895,0
"2798",31040138,8
"2799",31041152,7
"2800",31043174,0
"2801",31043741,8.5
"2802",31044803,0
"2803",31044908,0
"2804",31045685,8
"2805",31048034,0
"2806",31049183,0
"2807",31049579,8
"2808",31049717,0
"2809",31049951,0
"2810",31051796,0
"2811",31052177,7.5
"2812",31053338,7.5
"2813",31054001,0
"2814",31055351,0
"2815",31055642,0
"2816",31055690,0
"2817",31055732,0
"2818",31055957,0
"2819",31056035,0
"2820",31056431,0
"2821",31059200,0
"2822",31060211,6.5
"2823",31060220,0
"2824",31063241,0
"2825",31063418,0
"2826",31063556,7
"2827",31064615,0
"2828",31065011,0
"2829",31065032,0
"2830",31065056,0
"2831",31067603,8
"2832",31067627,0
"2833",31067708,0
"2834",31068125,0
"2835",31069790,0
"2836",31070963,8.5
"2837",31071041,7
"2838",31071800,8.5
"2839",31072019,9.5
"2840",31072196,7.5
"2841",31072238,0
"2842",31072706,8.5
"2843",31073192,7.5
"2844",31073684,0
"2845",31073774,0
"2846",31074053,0
"2847",31074158,0
"2848",31076795,0
"2849",31077590,0
"2850",31079006,6.5
"2851",31079402,8.5
"2852",31083104,6.5
"2853",31086278,0
"2854",31086635,0
"2855",31088033,7.5
"2856",31088147,0
"2857",31089995,0
"2858",31091168,7.5
"2859",31091192,0
"2860",31093136,0
"2861",31094042,0
"2862",31094447,0
"2863",31097054,7.5
"2864",31098263,0
"2865",31098644,7
"2866",31099970,0
"2867",31100480,7.5
"2868",31100609,0
"2869",31101005,0
"2870",31101737,0
"2871",31106909,0
"2872",31106933,0
"2873",31107431,8
"2874",31112600,0
"2875",31113251,0
"2876",31114877,0
"2877",31114958,7
"2878",31115402,0
"2879",31115807,0
"2880",31117169,0
"2881",31117283,0
"2882",31117679,0
"2883",31117727,0
"2884",31118165,0
"2885",31118213,7.5
"2886",31119227,8.5
"2887",31120109,7.5
"2888",31121015,8
"2889",31121087,0
"2890",31121153,0
"2891",31121501,0
"2892",31122563,8
"2893",31123736,0
"2894",31124198,0
"2895",31124222,0
"2896",31125503,7
"2897",31125698,0
"2898",31127339,0
"2899",31127453,0
"2900",31137659,7.5
"2901",31137884,6.5
"2902",31137950,0
"2903",31137974,7.5
"2904",31138322,0
"2905",31138541,8
"2906",31138856,7
"2907",31139471,7
"2908",31139834,0
"2909",31141097,0
"2910",31142198,0
"2911",31142780,0
"2912",31145210,0
"2913",31145873,0
"2914",31147502,0
"2915",31148327,7.5
"2916",31148594,0
"2917",31149164,0
"2918",31150337,7.5
"2919",31153091,0
"2920",31154288,8.5
"2921",31155569,0
"2922",31159196,7.5
"2923",31163771,0
"2924",31163795,0
"2925",31171697,0
"2926",31173884,0
"2927",31176647,0
"2928",31189247,0
"2929",31198568,0
"2930",31198721,8.5
"2931",31199279,7
"2932",31199327,7.5
"2933",31202054,8
"2934",31211690,8
"2935",31212212,0
"2936",31212260,0
"2937",31212374,0
"2938",31212479,0
"2939",31212503,0
"2940",31212617,0
"2941",31212698,0
"2942",31216373,0
"2943",31220348,0
"2944",31221500,8
"2945",31222430,0
"2946",31222802,7.5
"2947",31223183,0
"2948",31223384,8
"2949",31224464,8.5
"2950",31224569,9
"2951",31226009,0
"2952",31229192,0
"2953",31231871,8.5
"2954",31234082,8
"2955",31234883,7.5
"2956",31235036,7.5
"2957",31253201,7
"2958",31261217,0
"2959",31270877,7
"2960",31273193,0
"2961",31274432,7.5
"2962",31275227,0
"2963",31275422,0
"2964",31282433,8
"2965",31282457,7
"2966",31282700,0
"2967",31284662,7
"2968",31285721,0
"2969",31286546,8
"2970",31290134,7.5
"2971",31290353,7.5
"2972",31297712,8.5
"2973",31303373,8.5
"2974",31304231,7
"2975",31308080,0
"2976",31310975,0
"2977",31310999,8.5
"2978",31311950,0
"2979",31325954,0
"2980",31328798,0
"2981",31334855,8
"2982",31336751,6
"2983",31337090,7.5
"2984",31337309,0
"2985",31337996,8.5
"2986",31338590,8
"2987",31345514,7
"2988",31346597,7.5
"2989",31347653,7
"2990",31348001,8.5
"2991",31352168,0
"2992",31362026,7.5
"2993",31364153,8
"2994",31367108,8
"2995",31369190,8
"2996",31371047,0
"2997",31374269,8.5
"2998",31375199,7
"2999",31375757,0
"3000",31376930,0
"3001",31379069,7
"3002",31385003,8
"3003",31387652,0
"3004",31389314,8
"3005",31392407,7
"3006",31392755,7.5
"3007",31394081,7.5
"3008",31394171,6
"3009",31397426,8
"3010",31399499,7.5
"3011",31412882,0
"3012",31424042,0
"3013",31424333,7.5
"3014",31425275,7
"3015",31425437,6.5
"3016",31438409,7.5
"3017",31439210,7.5
"3018",31440344,7
"3019",31443833,0
"3020",31451282,0
"3021",31455851,0
"3022",31466093,8.5
"3023",31468880,0
"3024",31471025,7.5
"3025",31482257,6
"3026",31482524,0
"3027",31491473,0
"3028",31491602,8
"3029",31492427,0
"3030",31500986,0
"3031",31506728,7
"3032",31509869,0
"3033",31513052,7
"3034",31515239,8.5
"3035",31518470,8
"3036",31518641,0
"3037",31520177,8
"3038",31520258,0
"3039",31520282,7.5
"3040",31520306,8
"3041",31520411,0
"3042",31520597,8
"3043",31521911,0
"3044",31522097,6
"3045",31523537,0
"3046",31528502,7.5
"3047",31529279,7
"3048",31530761,8
"3049",31539806,0
"3050",31545734,0
"3051",31545815,7
"3052",31545839,8
"3053",31545887,6.5
"3054",31554659,0
"3055",31557137,8
"3056",31566383,7.5
"3057",31571870,8
"3058",31582610,0
"3059",31583006,8.5
"3060",31588400,0
"3061",31589525,0
"3062",31590788,0
"3063",31593089,0
"3064",31596008,0
"3065",31597403,0
"3066",31600829,0
"3067",31603727,0
"3068",31606862,0
"3069",31607969,0
"3070",31609316,8.5
"3071",31609421,0
"3072",31611479,0
"3073",31613210,0
"3074",31614002,0
"3075",31621727,0
"3076",31626362,0
"3077",31626854,0
"3078",31629326,0
"3079",31630385,8
"3080",31632176,0
"3081",31633349,0
"3082",31637396,0
"3083",31637882,0
"3084",31639454,8.5
"3085",31643471,7
"3086",31653917,9
"3087",31654199,0
"3088",31659593,8
"3089",31659683,0
"3090",31661738,8
"3091",31662623,7.5
"3092",31667018,0
"3093",31667552,7
"3094",31668947,7.5
"3095",31670225,7.5
"3096",31670468,0
"3097",31671287,7.5
"3098",31671773,7
"3099",31673099,0
"3100",31675061,0
"3101",31676129,6.5
"3102",31676420,0
"3103",31678178,8.5
"3104",31682102,0
"3105",31683692,0
"3106",31687181,8
"3107",31692641,7.5
"3108",31694597,0
"3109",31716965,8.5
"3110",31717724,0
"3111",31717805,6.5
"3112",31720397,7
"3113",31720769,0
"3114",31728416,7.5
"3115",31736714,0
"3116",31740245,8
"3117",31744544,0
"3118",31744916,7.5
"3119",31760366,0
"3120",31763282,0
"3121",31763501,0
"3122",31767617,0
"3123",31768895,0
"3124",31769096,0
"3125",31782143,0
"3126",31782911,0
"3127",31783826,0
"3128",31786652,0
"3129",31791269,7.5
"3130",31791359,7
"3131",31793219,0
"3132",31824704,0
"3133",31826273,8.5
"3134",31853618,0
"3135",31862297,7.5
"3136",31862378,8
"3137",31862402,6.5
"3138",31862468,8.5
"3139",31862540,8.5
"3140",31862564,0
"3141",31862621,8.5
"3142",31862669,8.5
"3143",31886762,0
"3144",31886786,0
"3145",31888925,0
"3146",31888949,0
"3147",31888973,0
"3148",31888997,0
"3149",31894502,0
"3150",31899986,0
"3151",31900382,0
"3152",31911170,0
"3153",31911194,0
"3154",31911299,0
"3155",31920788,8
"3156",31922891,7
"3157",31928309,0
"3158",31930319,7.5
"3159",31933259,0
"3160",31933283,0
"3161",31937330,8.5
"3162",31937354,0
"3163",31938386,8
"3164",31941374,6
"3165",31952141,0
"3166",31959455,0
"3167",31969358,0
"3168",31971392,0
"3169",31973252,7
"3170",31975487,0
"3171",31976684,7.5
"3172",31978160,0
"3173",31979714,0
"3174",31980953,7.5
"3175",31981664,8
"3176",31981988,0
"3177",31983488,7
"3178",31983560,0
"3179",31983755,7
"3180",31984556,0
"3181",31985438,0
"3182",31987277,7.5
"3183",31991939,7.5
"3184",31997705,0
"3185",31998299,8
"3186",32000516,8
"3187",32001968,7
"3188",32002235,7
"3189",32002679,8.5
"3190",32004665,8
"3191",32010728,7
"3192",32011487,7
"3193",32012684,0
"3194",32013497,7
"3195",32014160,7.5
"3196",32014646,8.5
"3197",32017958,0
"3198",32025119,7.5
"3199",32025587,8
"3200",32025920,6
"3201",32047361,7
"3202",32061332,8
"3203",32065250,6.5
"3204",32094854,8.5
"3205",32100602,0
"3206",32101508,8
"3207",32104634,0
"3208",32113316,0
"3209",32114885,0
"3210",32140337,7
"3211",32153972,6.5
"3212",32176898,6.5
"3213",32219726,6.5
"3214",32219750,0
"3215",32226755,8.5
"3216",32228486,0
"3217",32234672,0
"3218",32245145,0
"3219",32247074,0
"3220",32247842,8.5
"3221",32251346,7.5
"3222",32258018,8.5
"3223",32270117,8.5
"3224",32287073,7.5
"3225",32322905,0
"3226",32325935,8
"3227",32326184,7.5
"3228",32326865,8
"3229",32335376,0
"3230",32336039,8.5
"3231",32336945,0
"3232",32344775,8
"3233",32348054,8
"3234",32348807,7
"3235",32352203,0
"3236",32356097,8.5
"3237",32379224,0
"3238",32385872,0
"3239",32405846,0
"3240",32413331,0
"3241",32423177,7
"3242",32465654,7.5
"3243",32490500,7
"3244",32492627,7.5
"3245",32500799,0
"3246",32507165,7
"3247",32511071,0
"3248",32512073,0
"3249",32516744,7.5
"3250",32518130,7
"3251",32526599,7
"3252",32537675,8
"3253",32550326,0
"3254",32552339,8.5
"3255",32552606,8
"3256",32554793,8.5
"3257",32556116,0
"3258",32559185,0
"3259",32560010,8
"3260",32561159,0
"3261",32561336,0
"3262",32561360,0
"3263",32574620,0
"3264",32579921,0
"3265",32579945,0
"3266",32579969,0
"3267",32583065,8.5
"3268",32593808,0
"3269",32594900,0
"3270",32594981,0
"3271",32595227,9
"3272",32595422,8
"3273",32595842,0
"3274",32595866,0
"3275",32602700,0
"3276",32620037,0
"3277",32621234,8
"3278",32626976,8.5
"3279",32628695,0
"3280",32628872,8
"3281",32630135,7
"3282",32633762,0
"3283",32650298,0
"3284",32650499,0
"3285",32651939,7
"3286",32654927,7.5
"3287",32656508,0
"3288",32659496,9
"3289",32662484,8
"3290",32663456,7
"3291",32667653,6.5
"3292",32671553,8.5
"3293",32674184,0
"3294",32675132,7
"3295",32677610,0
"3296",32677739,7.5
"3297",32678030,8
"3298",32680574,9
"3299",32681189,0
"3300",32681747,6.5
"3301",32684573,0
"3302",32684921,0
"3303",32685362,0
"3304",32686364,8.5
"3305",32691710,8.5
"3306",32693942,0
"3307",32694293,0
"3308",32713418,0
"3309",32743007,7.5
"3310",32747807,0
"3311",32750876,7
"3312",32909087,7
"3313",32945129,0
"3314",32952662,0
"3315",32975534,7.5
"3316",32981495,0
"3317",32983706,7.5
"3318",32987132,0
"3319",32992484,0
"3320",33010892,8.5
"3321",33020447,0
"3322",33041783,9
"3323",33055907,0
"3324",33075164,0
"3325",33090887,0
"3326",33107705,8
"3327",33115424,7.5
"3328",33116258,8.5
"3329",33118955,8
"3330",33119933,8
"3331",33126389,8
"3332",33128984,6.5
"3333",33138770,8
"3334",33139304,7.5
"3335",33141023,7
"3336",33146024,8
"3337",33231116,0
"3338",33236450,0
"3339",33246887,9
"3340",33249917,9
"3341",33274079,0
"3342",33274298,0
"3343",33274499,0
"3344",33281156,0
"3345",33290015,8.5
"3346",33296162,0
"3347",33312212,0
"3348",33333572,0
"3349",33335498,0
"3350",33349775,0
"3351",33349799,0
"3352",33349841,0
"3353",33349913,0
"3354",33349937,0
"3355",33350333,0
"3356",33351017,8.5
"3357",33352448,9
"3358",33352496,8
"3359",33352829,0
"3360",33353735,9
"3361",33354110,0
"3362",33354134,0
"3363",33355064,9
"3364",33355169,9
"3365",33356900,0
"3366",33356924,0
"3367",33357203,9.5
"3368",33357470,8
"3369",33357713,8.5
"3370",33358328,0
"3371",33359306,0
"3372",33359420,8
"3373",33360173,0
"3374",33360302,0
"3375",33361475,0
"3376",33362009,0
"3377",33362252,0
"3378",33362519,0
"3379",33371984,0
"3380",33378920,0
"3381",33390797,0
"3382",33393422,0
"3383",33396563,7.5
"3384",33420638,0
"3385",33430217,0
"3386",33431738,7
"3387",33434393,0
"3388",33437333,7
"3389",33440225,8
"3390",33440783,7
"3391",33441086,0
"3392",33447014,0
"3393",33447167,0
"3394",33449933,0
"3395",33459620,0
"3396",33459902,7
"3397",33477605,0
"3398",33487919,0
"3399",33494348,0
"3400",33510140,7
"3401",33594947,0
"3402",33602708,0
"3403",33611552,0
"3404",33620573,0
"3405",33632201,0
"3406",33729899,0
"3407",33739892,0
"3408",33751082,0
"3409",33778583,0
"3410",33800138,0
"3411",33820397,8.5
"3412",33824486,0
"3413",33830381,0
"3414",33845603,0
"3415",33846812,0
"3416",33872423,0
"3417",33878189,0
"3418",33908303,0
"3419",33910175,0
"3420",33910823,0
"3421",33916298,0
"3422",33923996,0
"3423",33925853,0
"3424",33961181,0
"3425",33967004,0
"3426",33976664,0
"3427",33994349,0
"3428",34008893,0
"3429",34060871,0
"3430",34060919,0
"3431",34070846,0
"3432",34076684,0
"3433",34133741,0
"3434",34134407,0
"3435",34134755,0
"3436",34135046,0
"3437",34149710,0
"3438",34170650,0
"3439",34171313,0
"3440",34173347,0
"3441",34174916,0
"3442",34175951,0
"3443",34176368,0
"3444",34177031,0
"3445",34177766,0
"3446",34178033,0
"3447",34179266,0
"3448",34181903,0
"3449",34183007,0
"3450",34195979,0
"3451",34199138,0
"3452",34204100,0
"3453",34210328,0
"3454",34221293,0
"3455",34223510,0
"3456",34223615,8
"3457",34227368,0
"3458",34227950,0
"3459",34235477,0
"3460",34243454,0
"3461",34244426,0
"3462",34254857,0
"3463",34291343,0
"3464",34293110,0
"3465",34345016,0
"3466",34348772,0
"3467",34778144,0
"3468",34782317,0
"3469",35206676,0
"3470",35865770,0
